{
    "name": "YAEMK is Yet Another Ergonomic Mechanical (Split-)Keyboard",
    "vendorId": "0x4B4B",
    "productId": "0x5941",
    "lighting": "none",
    "matrix": {
        "rows": 10,
        "cols": 8
    },
    "layouts": {
        "keymap": [
            [
                {
                    "x": 13.95
                },
                "5,4"
            ],
            [
                {
                    "y": -0.92,
                    "x": 3.09
                },
                "0,3"
            ],
            [
                {
                    "y": -0.8300000000000001,
                    "x": 12.95
                },
                "5,3"
            ],
            [
                {
                    "y": -0.96,
                    "x": 4.09
                },
                "0,4"
            ],
            [
                {
                    "y": -0.96,
                    "x": 2.09
                },
                "0,2"
            ],
            [
                {
                    "y": -1,
                    "x": 5.09
                },
                "0,5"
            ],
            [
                {
                    "y": -1,
                    "x": 6.09
                },
                "0,6"
            ],
            [
                {
                    "y": -0.9800000000000001,
                    "x": 10.95
                },
                "5,1"
            ],
            [
                {
                    "y": -0.9500000000000001,
                    "x": 11.95
                },
                "5,2"
            ],
            [
                {
                    "y": -0.99,
                    "x": 14.95
                },
                "5,5"
            ],
            [
                {
                    "y": -0.7799999999999999,
                    "x": 0.09
                },
                "0,0"
            ],
            [
                {
                    "y": -0.9499999999999998,
                    "x": 1.09
                },
                "0,1"
            ],
            [
                {
                    "y": -0.8300000000000002,
                    "x": 15.95
                },
                "5,6",
                "5,7"
            ],
            [
                {
                    "y": -0.8500000000000001,
                    "x": 13.95
                },
                "6,4"
            ],
            [
                {
                    "y": -0.9199999999999999,
                    "x": 3.09
                },
                "1,3"
            ],
            [
                {
                    "y": -0.8300000000000001,
                    "x": 12.95
                },
                "6,3"
            ],
            [
                {
                    "y": -0.96,
                    "x": 4.09
                },
                "1,4"
            ],
            [
                {
                    "y": -0.96,
                    "x": 2.09
                },
                "1,2",
                {
                    "x": 2
                },
                "1,5",
                "1,6"
            ],
            [
                {
                    "y": -0.98,
                    "x": 10.95
                },
                "6,1"
            ],
            [
                {
                    "y": -0.9500000000000002,
                    "x": 11.95
                },
                "6,2"
            ],
            [
                {
                    "y": -0.99,
                    "x": 14.95
                },
                "6,5"
            ],
            [
                {
                    "y": -0.7800000000000002,
                    "x": 0.09
                },
                "1,0"
            ],
            [
                {
                    "y": -0.95,
                    "x": 1.09
                },
                "1,1"
            ],
            [
                {
                    "y": -0.8299999999999996,
                    "x": 15.95
                },
                "6,6",
                "6,7"
            ],
            [
                {
                    "y": -0.8500000000000001,
                    "x": 13.95
                },
                "7,4"
            ],
            [
                {
                    "y": -0.9199999999999999,
                    "x": 3.09
                },
                "2,3"
            ],
            [
                {
                    "y": -0.8300000000000001,
                    "x": 12.95
                },
                "7,3"
            ],
            [
                {
                    "y": -0.96,
                    "x": 4.09
                },
                "2,4"
            ],
            [
                {
                    "y": -0.96,
                    "x": 2.09
                },
                "2,2",
                {
                    "x": 2
                },
                "2,5",
                "2,6"
            ],
            [
                {
                    "y": -0.98,
                    "x": 10.95
                },
                "7,1"
            ],
            [
                {
                    "y": -0.9500000000000002,
                    "x": 11.95
                },
                "7,2"
            ],
            [
                {
                    "y": -0.9899999999999998,
                    "x": 14.95
                },
                "7,5"
            ],
            [
                {
                    "y": -0.7800000000000002,
                    "x": 0.09
                },
                "2,0"
            ],
            [
                {
                    "y": -0.9499999999999997,
                    "x": 1.09
                },
                "2,1"
            ],
            [
                {
                    "y": -0.8300000000000001,
                    "x": 15.95
                },
                "7,6",
                "7,7"
            ],
            [
                {
                    "y": -0.8500000000000001,
                    "x": 13.95
                },
                "8,4"
            ],
            [
                {
                    "y": -0.9199999999999999,
                    "x": 3.09
                },
                "3,3"
            ],
            [
                {
                    "y": -0.8300000000000001,
                    "x": 12.95
                },
                "8,3"
            ],
            [
                {
                    "y": -0.96,
                    "x": 4.09
                },
                "3,4"
            ],
            [
                {
                    "y": -0.96,
                    "x": 2.09
                },
                "3,2",
                {
                    "x": 2
                },
                "3,5"
            ],
            [
                {
                    "y": -0.9300000000000002,
                    "x": 11.95
                },
                "8,2"
            ],
            [
                {
                    "y": -0.9900000000000002,
                    "x": 14.95
                },
                "8,5"
            ],
            [
                {
                    "y": -0.73,
                    "x": 1.09
                },
                "3,1"
            ],
            [
                {
                    "y": -0.9499999999999997,
                    "x": 0.09
                },
                "3,0"
            ],
            [
                {
                    "y": -0.8800000000000003,
                    "x": 15.95
                },
                "8,6",
                "8,7"
            ],
            [
                {
                    "y": -0.4399999999999995,
                    "x": 14.36
                },